순번,과명,과국명,속명개수,종
1,Acanthaceae,쥐꼬리망초과,23,60
2,Aceraceae,단풍나무과,2,229
3,Achariaceae,아카리아과,1,1
4,Actinidiaceae,다래나무과,1,10
5,Adiantaceae,,1,2
6,Adoxaceae,연복초과,1,1
7,Agavaceae,용설란과,4,7
8,Aizoaceae,번행초과,39,139
9,Alangiaceae,박쥐나무과,1,2
10,Alismataceae,택사과,5,11
11,Aloaceae,,2,10
12,Alstroemeriaceae,알스트로메리아과,1,17
13,Amaranthaceae,비름과,8,36
14,Amaryllidaceae,수선화과,27,185
15,Anacardiaceae,옻나무과,14,38
16,Annonaceae,뽀뽀나무과,9,23
17,Anthericaceae,,1,1
18,Apiaceae,산형과,70,196
19,Apocynaceae,협죽도과,42,109
20,Aponogetonaceae,,1,1
21,Aquifoliaceae,감탕나무과,1,387
22,Araceae,천남성과,36,196
23,Araliaceae,두릅나무과,17,181
24,Araucariaceae,아라우카리아과,3,7
25,Arecaceae,야자나무과,38,60
26,Aristolochiaceae,쥐방울덩굴과,4,25
27,Asclepiadaceae,박주가리과,6,79
28,Asparagaceae,비짜루과,5,11
29,Asphodelaceae,아스포델루스과,5,7
30,Aspleniaceae,꼬리고사리과,2,48
31,Asteraceae,국화과,212,951
32,Athyriaceae,개고사리과,4,69
33,Balsaminaceae,봉선화과,1,13
34,Basellaceae,낙규과,2,2
35,Begoniaceae,베고니아과,1,45
36,Berberidaceae,매자나무과,9,118
37,Betulaceae,자작나무과,5,90
38,Bignoniaceae,능소화과,19,43
39,Bixaceae,홍목과,1,1
40,Blechnaceae,새깃아재비과,3,14
41,Bombacaceae,물밤나무과,4,8
42,Boraginaceae,지치과,34,88
43,Brassicaceae,배추과,57,206
44,Bromeliaceae,파인애플과,24,169
45,Burmanniaceae,버어먼초과,1,2
46,Burseraceae,감람나무과,5,20
47,Butomaceae,부토마과,1,1
48,Buxaceae,회양목과,3,31
49,Byblidaceae,비블리스과,1,1
50,Cabombaceae,어항마름과,2,2
51,Cactaceae,선인장과,62,223
52,Callitrichaceae,별이끼과,1,2
53,Calophyllaceae,칼로필룸과,1,1
54,Calycanthaceae,받침꽃과,3,15
55,Campanulaceae,초롱꽃과,18,166
56,Cannabaceae,삼과,2,4
57,Cannaceae,홍초과,1,14
58,Capparaceae,풍접초과,4,10
59,Caprifoliaceae,인동과,16,194
60,Cardiopteridaceae,카르디옵테리스과,1,1
61,Caricaceae,파파야과,1,2
62,Caryophyllaceae,석죽과,23,240
63,Casuarinaceae,카수아리나과,2,6
64,Celastraceae,노박덩굴과,8,62
65,Cephalotaceae,,1,1
66,Cephalotaxaceae,개비자나무과,1,8
67,Ceratophyllaceae,붕어마름과,1,3
68,Cercidiphyllaceae,계수나무과,1,5
69,Chenopodiaceae,명아주과,13,47
70,Chloranthaceae,홀아비꽃대과,2,5
71,Chrysobalanaceae,코코플럼과,2,2
72,Cistaceae,키스투스과,3,19
73,Clethraceae,매화오리나무과,1,13
74,Clusiaceae,물레나물과,5,48
75,Cneoraceae,크네오룸과,1,1
76,Colchicaceae,콜치카과,2,2
77,Combretaceae,콤브레타과,3,7
78,Commelinaceae,닭의장풀과,14,49
79,Convallariaceae,,2,2
80,Convolvulaceae,메꽃과,10,42
81,Coriariaceae,코리아리아과,1,1
82,Cornaceae,층층나무과,5,88
83,Costaceae,코스타과,2,2
84,Crassulaceae,돌나물과,27,318
85,Cucurbitaceae,박과,23,43
86,Cunoniaceae,쿠노니아과,2,2
87,Cupressaceae,측백나무과,18,345
88,Cyatheaceae,나무고사리과,2,4
89,Cycadaceae,소철과,2,5
90,Cyperaceae,사초과,23,427
91,Cystopteridaceae,한들고사리과,2,4
92,Daphniphyllaceae,굴거리나무과,1,5
93,Datiscaceae,다티스카과,1,1
94,Davalliaceae,넉줄고사리과,1,6
95,Dennstaedtiaceae,잔고사리과,5,12
96,Diapensiaceae,암매과,1,2
97,Didieraceae,용수과,1,2
98,Didiereaceae,용수과,1,1
99,Dilleniaceae,딜레니아과,2,3
100,Dioscoreaceae,마과,1,11
101,Dipsacaceae,산토끼꽃과,7,27
102,Droseraceae,끈끈이주걱과,3,109
103,Dryopteridaceae,관중과,7,136
104,Ebenaceae,감나무과,1,15
105,Elaeagnaceae,보리수나무과,2,22
106,Elaeocarpaceae,담팔수과,3,5
107,Elatinaceae,물별과,1,2
108,Empetraceae,시로미과,1,1
109,Ephedraceae,마황과,1,5
110,Equisetaceae,속새과,1,9
111,Ericaceae,진달래과,26,481
112,Eriocaulaceae,곡정초과,2,12
113,Erythroxylaceae,코카나무과,1,1
114,Escalloniaceae,에스칼로니아과,2,10
115,Eucommiaceae,두충과,1,1
116,Eucryphiaceae,유크리피아과,1,3
117,Euphorbiaceae,대극과,34,189
118,Eupteleaceae,유프텔레아과,1,1
119,Fabaceae,콩과,142,524
120,Fagaceae,참나무과,6,157
121,Flacourtiaceae,이나무과,8,11
122,Fouquieriaceae,관봉옥과,1,5
123,Francoaceae,프랑코아과,2,3
124,Fumariaceae,현호색과,1,41
125,Garryaceae,가리아과,1,3
126,Gelsemiaceae,겔세미아과,1,2
127,Gentianaceae,용담과,12,75
128,Geraniaceae,쥐손이풀과,3,88
129,Gesneriaceae,괭이귀과,10,15
130,Ginkgoaceae,은행나무과,1,5
131,Glaucidiaceae,글라우키디아과,1,1
132,Gleicheniaceae,풀고사리과,2,3
133,Globulariaceae,글로불라리아과,1,5
134,Gnetaceae,그네툼과,1,2
135,Goodeniaceae,구데니아과,2,2
136,Griseliniaceae,그리셀리니아과,1,2
137,Gunneraceae,군네라과,1,3
138,Haemodoraceae,지모과,3,6
139,Haloragaceae,개미탑과,2,7
140,Hamamelidaceae,조록나무과,13,82
141,Heliconiaceae,헬리코니아과,1,2
142,Helwingiaceae,헬윙기아과,1,3
143,Hernandiaceae,헤르난디아과,1,1
144,Hippocastanaceae,칠엽수과,1,22
145,Hippuridaceae,쇠뜨기말풀과,1,1
146,Hyacinthaceae,,3,12
147,Hydrangeaceae,수국과,2,2
148,Hydrocharitaceae,자라풀과,7,13
149,Hydrophyllaceae,히드로필룸과,2,3
150,Hymenophyllaceae,처녀이끼과,3,14
151,Hypericaceae,물레나물과,1,2
152,Hypodematiaceae,금털고사리과,1,3
153,Hypoxidaceae,노란별수선과,1,3
154,Illecebraceae,일레케브라과,1,1
155,Illiciaceae,붓순나무과,1,6
156,Iridaceae,붓꽃과,22,291
157,Irvingiaceae,와일드망고과,1,1
158,Isoetaceae,물부추과,1,5
159,Juglandaceae,가래나무과,4,13
160,Juncaceae,골풀과,2,39
161,Juncaginaceae,지채과,1,2
162,Lamiaceae,꿀풀과,57,365
163,Lardizabalaceae,으름덩굴과,4,7
164,Lauraceae,녹나무과,11,36
165,Lecythidaceae,레키티스과,2,2
166,Leitneriaceae,레이트네리아과,1,1
167,Lemnaceae,개구리밥과,3,7
168,Lentibulariaceae,통발과,2,36
169,Liliaceae,백합과,78,1069
170,Linaceae,아마과,1,11
171,Lindsaeaceae,새깃고사리과,2,4
172,Loasaceae,로아사과,1,1
173,Loganiaceae,마전과,6,26
174,Loranthaceae,꼬리겨우살이과,2,2
175,Lowiaceae,로위아과,1,1
176,Lycopodiaceae,석송과,2,16
177,Lygodiaceae,실고사리과,1,1
178,Lythraceae,부처꽃과,6,30
179,Magnoliaceae,목련과,4,327
180,Malpighiaceae,말피기아과,2,4
181,Malvaceae,아욱과,42,386
182,Marantaceae,마란타과,8,31
183,Marattiaceae,용비늘고사리과,1,2
184,Marcgraviaceae,,2,2
185,Marsileaceae,네가래과,1,1
186,Martyniaceae,마마르티니아과,1,1
187,Melanthiaceae,멜란티움과,1,1
188,Melastomataceae,야모란과,5,10
189,Meliaceae,멀구슬나무과,9,11
190,Menispermaceae,새모래덩굴과,4,7
191,Menyanthaceae,조름나물과,2,4
192,Molluginaceae,석류풀과,2,2
193,Monimiaceae,모니미과,2,3
194,Montiaceae,몬티아과,2,2
195,Moraceae,뽕나무과,7,81
196,Moringaceae,모링가과,1,3
197,Musaceae,파초과,3,18
198,Myoporaceae,미오포라과,1,4
199,Myricaceae,소귀나무과,1,3
200,Myristicaceae,육두구과,2,4
201,Myrsinaceae,자금우과,3,20
202,Myrtaceae,도금양과,21,121
203,Najadaceae,나자스말과,1,6
204,Nelumbonaceae,연꽃과,1,4
205,Nepenthaceae,벌레잡이풀과,1,16
206,Nephrolepidaceae,줄고사리과,1,5
207,Nitrariaceae,니트라리아과,2,3
208,Nyctaginaceae,분꽃과,3,8
209,Nymphaeaceae,수련과,4,93
210,Ochnaceae,금연목과,1,3
211,Olacaceae,올락스과,1,2
212,Oleaceae,물푸레나무과,14,197
213,Onagraceae,바늘꽃과,8,69
214,Onocleaceae,야산고비과,3,3
215,Ophioglossaceae,고사리삼과,3,20
216,Opiliaceae,오필리아과,1,1
217,Orchidaceae,난초과,90,345
218,Orobanchaceae,열당과,6,9
219,Osmundaceae,고비과,1,6
220,Oxalidaceae,괭이밥과,2,21
221,Pandanaceae,판다누스과,1,9
222,Papaveraceae,양귀비과,18,81
223,Passifloraceae,시계꽃과,3,14
224,Pedaliaceae,참깨과,5,9
225,Pentaphylacaceae,펜타필락스과,1,1
226,Penthoraceae,낙지다리과,1,1
227,Philesiaceae,필레시아과,1,1
228,Phormiaceae,포미움과,1,4
229,Phrymaceae,파리풀과,2,2
230,Phyllanthaceae,여우주머니과,1,2
231,Phytolaccaceae,자리공과,2,7
232,Pinaceae,소나무과,9,324
233,Piperaceae,후추과,2,28
234,Pittosporaceae,돈나무과,4,29
235,Plagiogyriaceae,꿩고사리과,1,4
236,Plantaginaceae,질경이과,7,43
237,Platanaceae,버즘나무과,1,7
238,Plumbaginaceae,갯질경과,6,33
239,Poaceae,벼과,145,539
240,Podocarpaceae,나한송과,4,14
241,Polemoniaceae,꽃고비과,6,57
242,Polygalaceae,원지과,2,7
243,Polygonaceae,마디풀과,17,124
244,Polypodiaceae,고란초과,21,60
245,Pontederiaceae,물옥잠과,4,7
246,Portulacaceae,쇠비름과,5,18
247,Potamogetonaceae,가래과,2,18
248,Primulaceae,앵초과,12,150
249,Proteaceae,프로테아과,11,52
250,Psilotaceae,솔잎란과,1,1
251,Pteridaceae,봉의꼬리과,12,61
252,Punicaceae,석류나무과,1,3
253,Pyrolaceae,노루발과,6,14
254,Quillajaceae,키라야과,1,1
255,Rafflesiaceae,,1,1
256,Ranunculaceae,미나리아재비과,30,516
257,Resedaceae,레세다과,1,1
258,Restionaceae,레스티오과,1,1
259,Rhamnaceae,갈매나무과,13,38
260,Rhizophoraceae,홍수과,1,2
261,Rosaceae,장미과,55,754
262,Rubiaceae,꼭두서니과,39,104
263,Ruppiaceae,줄말과,1,2
264,Rutaceae,운향과,25,62
265,Sabiaceae,나도밤나무과,1,5
266,Salicaceae,버드나무과,3,100
267,Salviniaceae,생이가래과,2,6
268,Santalaceae,단향과,2,3
269,Sapindaceae,무환자나무과,14,23
270,Sapotaceae,사포테과,7,7
271,Sarraceniaceae,사라세니아과,3,12
272,Saururaceae,삼백초과,2,4
273,Saxifragaceae,범의귀과,25,409
274,Scheuchzeriaceae,장지채과,1,1
275,Schisandraceae,오미자과,2,6
276,Sciadopityaceae,금송과,1,1
277,Scrophulariaceae,현삼과,49,257
278,Selaginellaceae,부처손과,1,15
279,Simaroubaceae,소태나무과,3,5
280,Solanaceae,가지과,28,101
281,Stachyuraceae,통조화과,1,10
282,Staphyleaceae,고추나무과,2,9
283,Sterculiaceae,벽오동과,6,13
284,Strelitziaceae,극락조화과,2,4
285,Styracaceae,때죽나무과,4,21
286,Symplocaceae,노린재나무과,1,5
287,Taccaceae,타카과,1,1
288,Talinaceae,탈리눔과,1,2
289,Tamaricaceae,위성류과,1,5
290,Taxaceae,주목과,2,27
291,Taxodiaceae,낙우송과,5,10
292,Tecophilaeceae,테코필라과,1,1
293,Tectariaceae,미늘창고사리과,1,7
294,Theaceae,차나무과,7,371
295,Thelypteridaceae,처녀고사리과,8,29
296,Thymelaeaceae,팥꽃나무과,7,33
297,Tiliaceae,피나무과,4,23
298,Trapaceae,마름과,1,8
299,Triuridaceae,영주풀과,1,2
300,Trochodendraceae,산수레나무과,1,1
301,Tropaeolaceae,한련과,1,1
302,Typhaceae,부들과,2,13
303,Ulmaceae,느릅나무과,5,53
304,Urticaceae,쐐기풀과,14,57
305,Valerianaceae,마타리과,4,16
306,Velloziaceae,벨로지아과,1,1
307,Verbenaceae,마편초과,15,69
308,Violaceae,제비꽃과,1,91
309,Viscaceae,겨우살이과,2,3
310,Vitaceae,포도과,8,29
311,Winteraceae,윈테라과,2,3
312,Woodsiaceae,우드풀과,2,10
313,Xanthorrhoeaceae,크산토로에아과,1,1
314,Zingiberaceae,생강과,8,23
315,Zosteraceae,거머리말과,2,8
316,Zygophyllaceae,남가새과,3,7